"","ID","Description","GeneRatio","BgRatio","pvalue","p.adjust","qvalue","geneID","Count"
"GO:0003725","GO:0003725","double-stranded RNA binding","7/104","70/18369",1.36029244583502e-07,3.495951585796e-05,2.87809243802989e-05,"IFIH1/OAS1/OAS2/OASL/RIGI/TLR3/ZBP1",7
"GO:0005125","GO:0005125","cytokine activity","8/104","235/18369",5.70937713318774e-05,0.00686794783298991,0.00565413686025382,"CCL5/CXCL10/CXCL11/IFNB1/IFNL1/IFNL2/IFNL3/TNFSF10",8
"GO:0140297","GO:0140297","DNA-binding transcription factor binding","11/104","478/18369",8.33955356831335e-05,0.00686794783298991,0.00565413686025382,"CREM/DLL1/DTX3L/GATA3/IFI27/KLF4/LMO2/NCOA7/OASL/PARP10/PARP9",11
"GO:0008970","GO:0008970","phospholipase A1 activity","3/104","18/18369",0.000135236957450054,0.00686794783298991,0.00565413686025382,"PLA2G4C/PLAAT2/PLAAT4",3
"GO:0005126","GO:0005126","cytokine receptor binding","8/104","270/18369",0.000149719740862186,0.00686794783298991,0.00565413686025382,"CCL5/CXCL10/CXCL11/GATA3/IFNB1/IFNL1/MYD88/TNFSF10",8
"GO:0061629","GO:0061629","RNA polymerase II-specific DNA-binding transcription factor binding","9/104","348/18369",0.000160341194544511,0.00686794783298991,0.00565413686025382,"DLL1/DTX3L/GATA3/IFI27/KLF4/LMO2/NCOA7/OASL/PARP9",9
"GO:0016779","GO:0016779","nucleotidyltransferase activity","6/104","154/18369",0.000243055091376744,0.00821061446313623,0.00675950647999338,"OAS1/OAS2/PARP10/PARP12/PARP9/TENT5A",6
"GO:0003950","GO:0003950","NAD+ ADP-ribosyltransferase activity","3/104","23/18369",0.000287531245790763,0.00821061446313623,0.00675950647999338,"PARP10/PARP12/PARP9",3
"GO:1990404","GO:1990404","NAD+-protein ADP-ribosyltransferase activity","3/104","23/18369",0.000287531245790763,0.00821061446313623,0.00675950647999338,"PARP10/PARP12/PARP9",3
"GO:0070566","GO:0070566","adenylyltransferase activity","3/104","30/18369",0.000640466331746695,0.0164599847258901,0.013550919229588,"OAS1/OAS2/TENT5A",3
"GO:0004623","GO:0004623","phospholipase A2 activity","3/104","36/18369",0.00109894085353952,0.025505783696209,0.0209980033706247,"PLA2G4C/PLAAT2/PLAAT4",3
"GO:0052740","GO:0052740","1-acyl-2-lysophosphatidylserine acylhydrolase activity","2/104","10/18369",0.00138697275221294,0.025505783696209,0.0209980033706247,"PLAAT2/PLAAT4",2
"GO:1904680","GO:1904680","peptide transmembrane transporter activity","2/104","10/18369",0.00138697275221294,0.025505783696209,0.0209980033706247,"TAP1/TAP2",2
"GO:0042605","GO:0042605","peptide antigen binding","3/104","39/18369",0.0013894201235289,0.025505783696209,0.0209980033706247,"HLA-E/TAP1/TAP2",3
"GO:0052739","GO:0052739","phosphatidylserine 1-acylhydrolase activity","2/104","11/18369",0.00168893418609803,0.0276918951292988,0.0227977510587305,"PLAAT2/PLAAT4",2
"GO:0042287","GO:0042287","MHC protein binding","3/104","42/18369",0.00172400903528709,0.0276918951292988,0.0227977510587305,"HLA-E/TAP1/TAP2",3
"GO:0097677","GO:0097677","STAT family protein binding","2/104","12/18369",0.00201924624246076,0.0291927919023545,0.0240333859200215,"DTX3L/PARP9",2
"GO:0048018","GO:0048018","receptor ligand activity","9/104","497/18369",0.00204463133946452,0.0291927919023545,0.0240333859200215,"CCL5/CXCL10/CXCL11/DLL1/IFNB1/IFNL1/IFNL2/IFNL3/TNFSF10",9
"GO:0008009","GO:0008009","chemokine activity","3/104","49/18369",0.00268870644265028,0.0345498777880562,0.028443683945932,"CCL5/CXCL10/CXCL11",3
"GO:0016763","GO:0016763","pentosyltransferase activity","3/104","49/18369",0.00268870644265028,0.0345498777880562,0.028443683945932,"PARP10/PARP12/PARP9",3
"GO:0004620","GO:0004620","phospholipase activity","4/104","104/18369",0.00289021229001636,0.0353706932635335,0.0291194320949017,"CCL5/PLA2G4C/PLAAT2/PLAAT4",4
